{"S":{"1.5":{"o1@0,o1@0":{"re":0.05847,"im":-0.03116},"o2@0,o1@0":{"re":-0.513,"im":-0.8604}}},"T":{"1.5":{"o1@0,o1@0":0.00439,"o2@0,o1@0":1.004}},"phasors":{"1.5":{"o1@0,o1@0":{"mag":0.0663,"phase":-28.05},"o2@0,o1@0":{"mag":1.002,"phase":-120.9}}},"dB":{"1.5":{"o1@0,o1@0":-23.58,"o2@0,o1@0":0.01692}},"params":[[0.2119,0.738,0.738,0.919]],"path":"build/precompile_execution\\back_float16","study":"inverse_design"}