{"S":{"1.5":{"o1@0,o1@0":{"re":-0.12404762,"im":-0.07172604},"o2@0,o1@0":{"re":-0.9994055,"im":-0.095134534}}},"T":{"1.5":{"o1@0,o1@0":0.020532437,"o2@0,o1@0":1.007862}},"phasors":{"1.5":{"o1@0,o1@0":{"mag":0.14329144,"phase":-149.9629},"o2@0,o1@0":{"mag":1.0039233,"phase":-174.56233}}},"dB":{"1.5":{"o1@0,o1@0":-16.875595,"o2@0,o1@0":0.03401059}},"params":[[10.0,10.0,10.0,10.0]],"path":"build\\precompile_execution\\back_float32","study":"inverse_design"}