{"S":{"1.5":{"o1@0,o1@0":{"re":0.1576,"im":-0.0673},"o2@0,o1@0":{"re":0.761,"im":-0.1373}}},"T":{"1.5":{"o1@0,o1@0":0.02937,"o2@0,o1@0":0.5986}},"phasors":{"1.5":{"o1@0,o1@0":{"mag":0.1714,"phase":-23.14},"o2@0,o1@0":{"mag":0.7734,"phase":-10.23}}},"dB":{"1.5":{"o1@0,o1@0":-15.32,"o2@0,o1@0":-2.229}},"total_power_T":{"1.5":{"2,1":0.7573}},"total_power_dB":{"1.5":{"2,1":-1.207}},"params":[[2.518,2.752,3.338,3.672,3.738,3.555,3.164,2.58,1.899,1.342,1.066,1.005,1.001,1.0,1.0,1.0,1.0,0.858,0.8613,0.8047,0.757,0.7466,0.7734,0.8467,0.9263,0.97,0.982,0.987,0.999,1.001,1.0,1.0,1.0,1.0,0.3257,0.2568,-0.0381,-0.2217,-0.2764,-0.1885,0.02393,0.3228,0.6157,0.828,0.9526,0.9956,1.001,1.0,1.0,1.0,1.0,0.669,0.5615,0.3657,0.228,0.1797,0.2109,0.3193,0.495,0.698,0.8755,0.9707,0.993,0.999,1.001,1.0,1.0,1.0,1.096,1.039,1.023,1.007,0.9834,0.951,0.91,0.8896,0.9224,0.968,0.987,0.9937,0.999,1.0,1.0,1.0,1.0,1.085,1.064,1.063,1.059,1.05,1.023,0.9897,0.9785,0.987,0.9927,0.9946,0.997,0.9995,1.0,1.0,1.0,1.0,1.006,1.003,0.999,0.997,0.994,0.992,0.993,0.996,0.998,0.9995,0.9995,0.9995,0.9995,1.0,1.0,1.0,1.0,0.999,0.999,0.9995,0.9995,0.9995,1.0,1.0,1.0,1.0,1.0,1.0,1.0,1.0,1.0,1.0,1.0,1.0,1.0,1.0,1.0,1.0,1.0,1.0,1.0,1.0,1.0,1.0,1.0,1.0,1.0,1.0,1.0,1.0,1.0]]}