{"S":{"1.0":{"o1@0,o1@0":{"re":0.09325159,"im":0.05347835},"o2@0,o1@0":{"re":0.8453257,"im":0.08977393}},"1.5":{"o1@0,o1@0":{"re":0.1394811,"im":0.022195833},"o2@0,o1@0":{"re":-0.020493533,"im":0.955279}}},"T":{"1.0":{"o1@0,o1@0":0.011555793,"o2@0,o1@0":0.7226349},"1.5":{"o1@0,o1@0":0.019947631,"o2@0,o1@0":0.91297793}},"phasors":{"1.0":{"o1@0,o1@0":{"mag":0.10749788,"phase":29.833603},"o2@0,o1@0":{"mag":0.85007936,"phase":6.0621123}},"1.5":{"o1@0,o1@0":{"mag":0.14123608,"phase":9.041749},"o2@0,o1@0":{"mag":0.9554988,"phase":91.228966}}},"dB":{"1.0":{"o1@0,o1@0":-19.372004,"o2@0,o1@0":-1.4108107},"1.5":{"o1@0,o1@0":-17.001087,"o2@0,o1@0":-0.3953972}},"total_power_T":{"1.0":{"2,1":0.7651197},"1.5":{"2,1":0.86036474}},"total_power_dB":{"1.0":{"2,1":-1.1627064},"1.5":{"2,1":-0.653174}},"path":"build/precompile_execution\\a_3_float32_None","study":"sparams"}