{"S":{"1.5":{"o1@0,o1@0":{"re":-0.12799771,"im":-0.07466937},"o2@0,o1@0":{"re":-0.99872494,"im":-0.09454221}}},"T":{"1.5":{"o1@0,o1@0":0.021958929,"o2@0,o1@0":1.0063897}},"phasors":{"1.5":{"o1@0,o1@0":{"mag":0.14818545,"phase":-149.7422},"o2@0,o1@0":{"mag":1.0031898,"phase":-174.59232}}},"dB":{"1.5":{"o1@0,o1@0":-16.583889,"o2@0,o1@0":0.027661994}},"params":[[10.0,10.0,10.0,10.0]],"path":"build\\precompile_execution\\back_float32","study":"inverse_design"}