{"S":{"1.5":{"o1@0,o1@0":{"re":0.036683924,"im":-0.025507541},"o2@0,o1@0":{"re":1.0001203,"im":0.1282481}}},"T":{"1.5":{"o1@0,o1@0":0.001996345,"o2@0,o1@0":1.0166881}},"phasors":{"1.5":{"o1@0,o1@0":{"mag":0.044680476,"phase":-34.81216},"o2@0,o1@0":{"mag":1.0083096,"phase":7.3073115}}},"dB":{"1.5":{"o1@0,o1@0":-26.997644,"o2@0,o1@0":0.07187744}},"params":[[1.0,1.0,1.0,1.0]],"path":"build\\precompile_execution\\back_float32","study":"inverse_design"}