{"S":{"1.5":{"o1@0,o1@0":{"re":-0.12405742,"im":-0.07169831},"o2@0,o1@0":{"re":-0.999419,"im":-0.09579959}}},"T":{"1.5":{"o1@0,o1@0":0.02053089,"o2@0,o1@0":1.0080159}},"phasors":{"1.5":{"o1@0,o1@0":{"mag":0.14328605,"phase":-149.97447},"o2@0,o1@0":{"mag":1.004,"phase":-174.52461}}},"dB":{"1.5":{"o1@0,o1@0":-16.875923,"o2@0,o1@0":0.034673702}},"params":[[1.0,1.0,1.0,1.0]],"path":"build\\precompile_execution\\back_float32","study":"inverse_design"}