{"S":{"1.5":{"o1@0,o1@0":{"re":0.083888866,"im":-0.04612293},"o2@0,o1@0":{"re":0.9173247,"im":0.2587316}}},"T":{"1.5":{"o1@0,o1@0":0.009164667,"o2@0,o1@0":0.9084267}},"phasors":{"1.5":{"o1@0,o1@0":{"mag":0.095732264,"phase":-28.802431},"o2@0,o1@0":{"mag":0.9531142,"phase":15.751116}}},"dB":{"1.5":{"o1@0,o1@0":-20.378834,"o2@0,o1@0":-0.4171011}},"params":[[0.26871687,0.75666374,0.75666374,0.9248824]],"path":"build\\precompile_execution\\back_float32","study":"inverse_design"}