{"S":{"1.5":{"o1@0,o1@0":{"re":0.08156472,"im":-0.02881965},"o2@0,o1@0":{"re":-0.6266593,"im":-0.78111327}}},"T":{"1.5":{"o1@0,o1@0":0.0074833753,"o2@0,o1@0":1.0028398}},"phasors":{"1.5":{"o1@0,o1@0":{"mag":0.0865065,"phase":-19.460083},"o2@0,o1@0":{"mag":1.0014188,"phase":-128.73883}}},"dB":{"1.5":{"o1@0,o1@0":-21.259024,"o2@0,o1@0":0.012315632}},"params":[[1.0,1.0,1.0,1.0]],"path":"build/precompile_execution\\back_float32","study":"inverse_design"}