{"S":{"1.0":{"o1@0,o1@0":{"re":0.09106705,"im":0.04222137},"o2@0,o1@0":{"re":0.31328788,"im":-0.9260579}},"1.5":{"o1@0,o1@0":{"re":0.088186026,"im":-0.07272916},"o2@0,o1@0":{"re":-0.59250265,"im":-0.8019999}}},"T":{"1.0":{"o1@0,o1@0":0.010075853,"o2@0,o1@0":0.95573246},"1.5":{"o1@0,o1@0":0.013066307,"o2@0,o1@0":0.9942633}},"phasors":{"1.0":{"o1@0,o1@0":{"mag":0.10037854,"phase":24.873829},"o2@0,o1@0":{"mag":0.9776157,"phase":-71.30918}},"1.5":{"o1@0,o1@0":{"mag":0.11430795,"phase":-39.513233},"o2@0,o1@0":{"mag":0.99712753,"phase":-126.4563}}},"dB":{"1.0":{"o1@0,o1@0":-19.967182,"o2@0,o1@0":-0.19663662},"1.5":{"o1@0,o1@0":-18.83847,"o2@0,o1@0":-0.024985947}},"total_power_T":{"1.0":{"2,1":0.9654409},"1.5":{"2,1":1.000402}},"total_power_dB":{"1.0":{"2,1":-0.15274294},"1.5":{"2,1":0.0017453989}},"path":"build\\precompile_execution\\tiny_3_float32_None","study":"sparams"}