{"S":{"1.0":{"o1@0,o1@0":{"re":0.09106701,"im":0.042221367},"o2@0,o1@0":{"re":0.31328782,"im":-0.9260577}},"1.5":{"o1@0,o1@0":{"re":0.08818598,"im":-0.072729155},"o2@0,o1@0":{"re":-0.59250253,"im":-0.8019998}}},"T":{"1.0":{"o1@0,o1@0":0.010075844,"o2@0,o1@0":0.9557321},"1.5":{"o1@0,o1@0":0.013066297,"o2@0,o1@0":0.99426293}},"phasors":{"1.0":{"o1@0,o1@0":{"mag":0.100378506,"phase":24.873837},"o2@0,o1@0":{"mag":0.97761554,"phase":-71.30918}},"1.5":{"o1@0,o1@0":{"mag":0.1143079,"phase":-39.51324},"o2@0,o1@0":{"mag":0.99712735,"phase":-126.4563}}},"dB":{"1.0":{"o1@0,o1@0":-19.967186,"o2@0,o1@0":-0.19663824},"1.5":{"o1@0,o1@0":-18.838474,"o2@0,o1@0":-0.024987508}},"path":"build/precompile_execution\\tiny_3_float32_None","study":"sparams"}