{"S":{"1.5":{"o1@0,o1@0":{"re":0.1045,"im":-0.03772},"o2@0,o1@0":{"re":-0.564,"im":-0.808}}},"T":{"1.5":{"o1@0,o1@0":0.012344,"o2@0,o1@0":0.9707}},"phasors":{"1.5":{"o1@0,o1@0":{"mag":0.1111,"phase":-19.86},"o2@0,o1@0":{"mag":0.9854,"phase":-124.94}}},"dB":{"1.5":{"o1@0,o1@0":-19.08,"o2@0,o1@0":-0.1292}},"params":[[1.0,1.0,1.0,1.0]],"path":"build/precompile_execution\\back_float16","study":"inverse_design"}