{"S":{"1.5":{"o1@0,o1@0":{"re":0.081608735,"im":-0.028832743},"o2@0,o1@0":{"re":-0.62668526,"im":-0.7810627}}},"T":{"1.5":{"o1@0,o1@0":0.0074913125,"o2@0,o1@0":1.0027933}},"phasors":{"1.5":{"o1@0,o1@0":{"mag":0.08655237,"phase":-19.45855},"o2@0,o1@0":{"mag":1.0013957,"phase":-128.74179}}},"dB":{"1.5":{"o1@0,o1@0":-21.254421,"o2@0,o1@0":0.012114289}},"params":[[10.0,10.0,10.0,10.0]],"path":"build/precompile_execution\\back_float32","study":"inverse_design"}