{"S":{"1.5":{"o1@0,o1@0":{"re":0.1251,"im":-0.004147},"o2@0,o1@0":{"re":-0.8027,"im":-0.4739}}},"T":{"1.5":{"o1@0,o1@0":0.01567,"o2@0,o1@0":0.869}},"phasors":{"1.5":{"o1@0,o1@0":{"mag":0.1252,"phase":-1.899},"o2@0,o1@0":{"mag":0.932,"phase":-149.5}}},"dB":{"1.5":{"o1@0,o1@0":-18.05,"o2@0,o1@0":-0.6094}},"total_power_T":{"1.5":{"2,1":0.9434}},"total_power_dB":{"1.5":{"2,1":-0.2534}},"params":[[1.0,1.0,1.0,1.0]]}