{"S":{"1.5":{"o1@0,o1@0":{"re":0.12067,"im":0.03592},"o2@0,o1@0":{"re":0.03412,"im":0.549}}},"T":{"1.5":{"o1@0,o1@0":0.01585,"o2@0,o1@0":0.3025}},"phasors":{"1.5":{"o1@0,o1@0":{"mag":0.1259,"phase":16.58},"o2@0,o1@0":{"mag":0.55,"phase":86.5}}},"dB":{"1.5":{"o1@0,o1@0":-18.0,"o2@0,o1@0":-5.195}},"total_power_T":{"1.5":{"2,1":0.6646}},"total_power_dB":{"1.5":{"2,1":-1.775}},"params":[[1.1455,1.157,1.205,1.269,1.326,1.377,1.463,1.522,1.533,1.546,1.549,1.533,1.518,1.516,1.51,1.487,1.464,1.447,1.422,1.404,1.413,1.439,1.466,1.504,1.547,1.561,1.555,1.514,1.42,1.325,1.231,1.15,1.118,1.124,1.141,1.141,1.09,1.027,0.9976,1.005,1.003,0.996,1.002,1.007,1.002,0.9966,0.9985,1.002,1.001,0.9995,0.9995,1.0,1.0,1.0,1.0,1.0,1.0,1.0,1.0,1.0,1.0,1.0,1.0,1.0,1.0,1.0,1.0,1.0,1.0,1.202,1.187,1.216,1.252,1.283,1.305,1.355,1.404,1.435,1.471,1.5,1.514,1.519,1.514,1.508,1.486,1.466,1.465,1.467,1.467,1.486,1.504,1.496,1.487,1.467,1.431,1.408,1.384,1.352,1.335,1.321,1.293,1.271,1.24,1.184,1.124,1.065,1.0205,0.9995,0.999,1.002,1.001,1.002,1.004,1.001,0.999,0.9995,1.001,0.9995,1.0,1.001,1.0,1.0,1.0,1.0,1.0,1.0,1.0,1.0,1.0,1.0,1.0,1.0,1.0,1.0,1.0,1.0,1.0,1.0,1.268,1.25,1.277,1.3125,1.334,1.341,1.378,1.427,1.47,1.528,1.583,1.622,1.65,1.654,1.654,1.642,1.621,1.627,1.6455,1.652,1.674,1.689,1.658,1.615,1.557,1.479,1.432,1.405,1.386,1.398,1.425,1.419,1.397,1.347,1.239,1.135,1.064,1.017,0.997,0.995,1.0,1.002,1.002,1.003,1.002,0.9995,1.0,1.0,0.999,1.0,1.001,1.0,0.9995,1.0,1.0,1.0,1.0,1.0,1.0,1.0,1.0,1.0,1.0,1.0,1.0,1.0,1.0,1.0,1.0,1.228,1.246,1.276,1.309,1.323,1.317,1.33,1.364,1.402,1.455,1.523,1.584,1.625,1.654,1.681,1.691,1.69,1.713,1.735,1.734,1.742,1.738,1.684,1.623,1.543,1.449,1.395,1.361,1.342,1.366,1.404,1.409,1.393,1.333,1.212,1.1,1.04,1.008,0.9956,0.9937,0.999,1.002,1.001,1.003,1.003,0.9995,1.001,1.0,0.9985,0.9995,1.001,1.0,0.9995,1.0,1.0,1.0,1.0,1.0,1.0,1.0,1.0,1.0,1.0,1.0,1.0,1.0,1.0,1.0,1.0,1.059,1.149,1.168,1.19,1.21,1.201,1.196,1.215,1.2295,1.248,1.295,1.341,1.369,1.41,1.463,1.507,1.538,1.577,1.602,1.582,1.5625,1.526,1.455,1.398,1.337,1.2705,1.24,1.225,1.212,1.23,1.258,1.253,1.234,1.186,1.092,1.016,1.0,0.9985,0.995,0.9956,0.9995,0.999,0.9995,1.005,1.003,0.9985,1.0,1.001,0.9976,0.9995,1.001,1.0,0.9995,1.001,1.0,1.0,1.0,1.0,1.0,1.0,1.0,1.0,1.0,1.0,1.0,1.0,1.0,1.0,1.0,0.8574,1.002,1.004,1.007,1.024,1.026,1.02,1.023,1.016,0.993,0.9937,1.001,0.9927,1.024,1.083,1.14,1.198,1.248,1.266,1.236,1.194,1.132,1.061,1.024,1.003,0.9917,1.007,1.025,1.033,1.048,1.056,1.037,1.017,0.989,0.945,0.927,0.961,0.9897,0.9956,0.999,0.999,0.9956,1.0,1.006,1.004,0.997,0.9995,1.003,0.9985,0.9985,1.001,1.0,0.9995,1.001,1.0,1.0,1.0,1.0,1.0,1.0,1.0,1.0,1.0,1.0,1.0,1.0,1.0,1.0,1.0,0.7266,0.874,0.8374,0.802,0.8076,0.8066,0.794,0.801,0.7793,0.721,0.684,0.6475,0.5933,0.5933,0.626,0.653,0.702,0.7446,0.742,0.7227,0.691,0.625,0.585,0.589,0.6094,0.6567,0.718,0.7764,0.815,0.8374,0.838,0.822,0.8164,0.8213,0.833,0.866,0.9404,0.989,0.9956,1.0,1.0,0.993,0.999,1.007,1.003,0.9966,1.001,1.005,0.9976,0.9976,1.001,1.0,1.0,1.001,1.0,1.0,1.0,1.0,1.0,1.0,1.0,1.0,1.0,1.0,1.0,1.0,1.0,1.0,1.0,0.725,0.815,0.757,0.6934,0.662,0.6396,0.612,0.6025,0.5713,0.504,0.454,0.4062,0.3408,0.313,0.3047,0.2866,0.2896,0.291,0.2656,0.2568,0.25,0.2231,0.2329,0.2822,0.349,0.4277,0.5103,0.59,0.6436,0.674,0.6846,0.6855,0.7056,0.748,0.7964,0.858,0.946,0.99,0.995,1.001,1.001,0.9937,0.9985,1.005,1.002,0.9976,1.001,1.004,0.9985,0.9976,1.001,1.0,1.0,1.0,1.0,1.0,1.0,1.0,1.0,1.0,1.0,1.0,1.0,1.0,1.0,1.0,1.0,1.0,1.0,0.79,0.826,0.7715,0.6973,0.6367,0.588,0.5283,0.4878,0.4478,0.3794,0.3423,0.3188,0.269,0.2388,0.2129,0.1523,0.10693,0.0703,0.01611,0.01221,0.03613,0.0464,0.1084,0.1968,0.2808,0.3716,0.4497,0.518,0.574,0.6104,0.632,0.657,0.6963,0.759,0.823,0.8823,0.956,0.9937,0.9937,1.0,1.002,0.995,0.996,1.003,1.003,0.999,1.001,1.002,0.9995,0.999,1.0,1.0,1.0,1.0,1.0,1.0,1.0,1.0,1.0,1.0,1.0,1.0,1.0,1.0,1.0,1.0,1.0,1.0,1.0,0.845,0.866,0.8413,0.7847,0.7295,0.673,0.5938,0.5225,0.462,0.3984,0.3765,0.378,0.3662,0.3574,0.3364,0.2769,0.2153,0.1611,0.1089,0.104,0.1353,0.1792,0.2554,0.3457,0.4321,0.4985,0.548,0.5947,0.6304,0.663,0.6963,0.7246,0.762,0.825,0.876,0.9165,0.9697,0.9937,0.992,0.9985,1.002,0.9956,0.9946,1.002,1.005,1.0,1.0,1.002,1.0,0.9995,0.9995,1.0,1.001,1.0,1.0,1.0,1.0,1.0,1.0,1.0,1.0,1.0,1.0,1.0,1.0,1.0,1.0,1.0,1.0,0.884,0.8984,0.903,0.881,0.854,0.8306,0.7686,0.6963,0.6533,0.6104,0.588,0.6055,0.6143,0.6104,0.604,0.5684,0.5195,0.4912,0.4692,0.4692,0.508,0.563,0.617,0.6763,0.729,0.75,0.7583,0.7705,0.781,0.797,0.8257,0.846,0.864,0.903,0.935,0.9507,0.978,0.996,0.993,0.996,1.003,0.9976,0.9917,1.0,1.006,1.0,0.999,1.002,1.001,0.9995,0.999,1.0,1.001,1.0,1.0,1.0,1.0,1.0,1.0,1.0,1.0,1.0,1.0,1.0,1.0,1.0,1.0,1.0,1.0,0.91,0.911,0.926,0.9277,0.935,0.9443,0.92,0.899,0.8975,0.886,0.879,0.891,0.8965,0.881,0.871,0.8564,0.84,0.8413,0.8564,0.8784,0.914,0.9634,0.9883,0.9995,1.013,0.99,0.9585,0.9434,0.929,0.919,0.9346,0.9463,0.941,0.9556,0.973,0.972,0.982,0.9995,0.995,0.993,1.005,1.0,0.988,0.999,1.008,0.999,0.999,1.003,1.001,0.9995,0.999,1.0,1.001,1.0,1.0,1.0,1.0,1.0,1.0,1.0,1.0,1.0,1.0,1.0,1.0,1.0,1.0,1.0,1.0,0.9595,0.9272,0.9355,0.945,0.9487,0.9624,0.9785,1.014,1.078,1.121,1.135,1.157,1.157,1.114,1.089,1.089,1.078,1.094,1.136,1.157,1.1875,1.226,1.217,1.197,1.186,1.135,1.08,1.05,1.011,0.977,0.9844,0.9897,0.978,0.982,0.992,0.9854,0.988,1.002,0.999,0.992,1.005,1.002,0.9844,0.9956,1.011,0.999,0.9976,1.005,1.001,0.9985,0.9995,1.001,1.0,1.0,1.0,1.0,1.0,1.0,1.0,1.0,1.0,1.0,1.0,1.0,1.0,1.0,1.0,1.0,1.0,1.0205,0.9697,0.971,0.9834,0.9854,1.001,1.023,1.069,1.137,1.19,1.213,1.215,1.208,1.181,1.16,1.17,1.181,1.202,1.238,1.253,1.255,1.266,1.246,1.197,1.169,1.137,1.081,1.051,1.029,0.9897,0.9844,1.003,0.9873,0.9854,1.008,0.9985,0.991,1.011,1.001,0.9854,1.005,1.004,0.9775,0.993,1.012,0.9985,0.9985,1.006,1.001,0.9976,1.0,1.001,1.0,1.0,1.0,1.0,1.0,1.0,1.0,1.0,1.0,1.0,1.0,1.0,1.0,1.0,1.0,1.0,1.0,1.07,1.025,1.032,1.052,1.069,1.079,1.089,1.094,1.107,1.129,1.114,1.101,1.097,1.084,1.099,1.133,1.154,1.178,1.205,1.196,1.171,1.163,1.127,1.077,1.052,1.029,1.007,1.003,0.997,0.9805,0.981,0.9917,0.986,0.9883,1.006,1.009,1.002,1.007,1.003,0.9863,0.9946,1.006,0.9805,0.982,1.01,1.004,0.9966,1.006,1.003,0.9966,0.999,1.001,1.0,1.0,1.0,1.0,1.0,1.0,1.0,1.0,1.0,1.0,1.0,1.0,1.0,1.0,1.0,1.0,1.0,1.1045,1.079,1.096,1.127,1.15,1.154,1.137,1.097,1.065,1.046,1.019,1.006,1.001,1.01,1.034,1.076,1.098,1.1,1.109,1.089,1.051,1.031,1.008,0.9746,0.9507,0.948,0.9463,0.96,0.9834,0.9785,0.982,0.997,0.9893,0.982,1.004,1.009,0.9976,1.007,1.003,0.98,0.995,1.009,0.9785,0.9785,1.003,1.006,1.001,1.002,1.005,0.9995,0.9966,1.001,1.001,0.9995,1.0,1.0,1.0,1.0,1.0,1.0,1.0,1.0,1.0,1.0,1.0,1.0,1.0,1.0,1.0,1.106,1.099,1.111,1.134,0.1453,1.139,1.103,1.061,1.027,1.009,1.006,0.9985,1.006,1.0205,1.025,1.041,1.048,1.037,1.0205,0.9985,0.9746,0.965,0.959,0.9487,0.9424,0.943,0.9463,0.9614,0.9814,0.9893,0.988,0.993,0.9976,0.989,0.988,1.001,0.9995,0.9966,1.001,0.9873,0.9893,1.011,0.9917,0.972,0.9927,1.013,1.001,0.9956,1.009,1.002,0.995,1.002,1.002,0.9985,1.0,1.001,0.9995,1.0,1.0,1.0,1.0,1.0,1.0,1.0,1.0,1.0,1.0,1.0,1.0,1.08,1.073,1.077,1.088,1.081,1.061,1.033,1.015,1.011,1.006,1.019,1.032,1.039,1.039,1.022,1.017,1.014,0.9956,0.974,0.97,0.9624,0.956,0.9766,0.98,0.9746,0.9844,0.978,0.9785,0.995,0.993,0.9834,0.9966,1.001,0.9854,0.9897,0.9937,0.99,1.001,1.001,0.9873,0.996,1.011,0.996,0.98,0.985,1.01,1.005,0.9893,1.007,1.007,0.995,1.003,1.003,0.9976,0.9995,1.001,0.9995,1.0,1.0,1.0,1.0,1.0,1.0,1.0,1.0,1.0,1.0,1.0,1.0,1.027,1.024,1.0205,1.021,1.022,1.01,0.9966,0.9985,0.999,0.9985,0.9995,1.006,1.007,0.999,0.9893,0.98,0.982,0.981,0.972,0.9775,0.9766,0.976,0.992,0.9985,0.992,0.9966,0.997,0.9897,0.9966,0.9976,0.986,0.9927,1.0,0.9917,0.9917,0.9956,0.9937,0.9976,1.005,0.996,0.9946,1.01,1.007,0.982,0.984,1.011,1.001,0.988,1.007,1.006,0.9966,1.005,1.003,0.997,0.9995,1.001,0.9995,1.0,1.0,1.0,1.0,1.0,1.0,1.0,1.0,1.0,1.0,1.0,1.0,0.9917,0.9917,0.988,0.988,0.9897,0.9893,0.99,0.992,0.992,0.9946,0.9937,0.9863,0.9854,0.988,0.985,0.975,0.98,0.992,0.9897,0.988,0.9927,0.9956,0.9966,1.001,