{"S":{"1.5":{"o1@0,o1@0":{"re":-0.12800287,"im":-0.074647255},"o2@0,o1@0":{"re":-0.99873984,"im":-0.09520708}}},"T":{"1.5":{"o1@0,o1@0":0.021956947,"o2@0,o1@0":1.0065457}},"phasors":{"1.5":{"o1@0,o1@0":{"mag":0.14817877,"phase":-149.75061},"o2@0,o1@0":{"mag":1.0032675,"phase":-174.5546}}},"dB":{"1.5":{"o1@0,o1@0":-16.58428,"o2@0,o1@0":0.028334819}},"params":[[1.0,1.0,1.0,1.0]],"path":"build\\precompile_execution\\back_float32","study":"inverse_design"}