{"S":{"1.0":{"o1@0,o1@0":{"re":0.013459821,"im":0.20334622},"o2@0,o1@0":{"re":0.7296146,"im":0.52546906}},"1.5":{"o1@0,o1@0":{"re":0.06342793,"im":0.0052652755},"o2@0,o1@0":{"re":0.9547032,"im":0.20172554}}},"T":{"1.0":{"o1@0,o1@0":0.041530855,"o2@0,o1@0":0.8084552},"1.5":{"o1@0,o1@0":0.0040508257,"o2@0,o1@0":0.9521514}},"phasors":{"1.0":{"o1@0,o1@0":{"mag":0.2037912,"phase":86.21302},"o2@0,o1@0":{"mag":0.8991414,"phase":35.761463}},"1.5":{"o1@0,o1@0":{"mag":0.0636461,"phase":4.745353},"o2@0,o1@0":{"mag":0.97578245,"phase":11.930912}}},"dB":{"1.0":{"o1@0,o1@0":-13.816291,"o2@0,o1@0":-0.9234402},"1.5":{"o1@0,o1@0":-23.924564,"o2@0,o1@0":-0.21293981}},"total_power_T":{"1.0":{"2,1":0.83987796},"1.5":{"2,1":0.96652114}},"total_power_dB":{"1.0":{"2,1":-0.75783813},"1.5":{"2,1":-0.14788641}},"path":"build/precompile_execution\\a_2_float32_CUDA","study":"sparams"}