{"S":{"1.0":{"o1@0,o1@0":{"re":0.04777822,"im":0.074275255},"o2@0,o1@0":{"re":-0.58520013,"im":0.89123946}},"1.5":{"o1@0,o1@0":{"re":0.045876026,"im":-0.06107816},"o2@0,o1@0":{"re":-0.5572863,"im":0.8523627}}},"T":{"1.0":{"o1@0,o1@0":0.007799572,"o2@0,o1@0":1.1367669},"1.5":{"o1@0,o1@0":0.0058351513,"o2@0,o1@0":1.0370902}},"phasors":{"1.0":{"o1@0,o1@0":{"mag":0.08831518,"phase":57.24849},"o2@0,o1@0":{"mag":1.0661927,"phase":123.289444}},"1.5":{"o1@0,o1@0":{"mag":0.076388165,"phase":-53.089653},"o2@0,o1@0":{"mag":1.0183762,"phase":123.17719}}},"dB":{"1.0":{"o1@0,o1@0":-21.079292,"o2@0,o1@0":0.55671424},"1.5":{"o1@0,o1@0":-22.33948,"o2@0,o1@0":0.15816523}},"total_power_T":{"1.0":{"2,1":1.1033454},"1.5":{"2,1":1.0245863}},"total_power_dB":{"1.0":{"2,1":0.42711484},"1.5":{"2,1":0.10548553}},"path":"build/precompile_execution\\tiny_2_float32_None","study":"sparams"}