{"S":{"1.5":{"o1@0,o1@0":{"re":0.05054,"im":-0.05408},"o2@0,o1@0":{"re":-0.7617,"im":-0.596}}},"T":{"1.5":{"o1@0,o1@0":0.005478,"o2@0,o1@0":0.9355}},"phasors":{"1.5":{"o1@0,o1@0":{"mag":0.07404,"phase":-46.97},"o2@0,o1@0":{"mag":0.9673,"phase":-142.0}}},"dB":{"1.5":{"o1@0,o1@0":-22.62,"o2@0,o1@0":-0.2893}},"total_power_T":{"1.5":{"2,1":0.9478}},"total_power_dB":{"1.5":{"2,1":-0.233}},"params":[[0.3213,0.3042,1.306,1.193]]}