{"S":{"1.5":{"o1@0,o1@0":{"re":0.03293,"im":-0.006042},"o2@0,o1@0":{"re":-0.3792,"im":0.6396}}},"T":{"1.5":{"o1@0,o1@0":0.001121,"o2@0,o1@0":0.5527}},"phasors":{"1.5":{"o1@0,o1@0":{"mag":0.03348,"phase":-10.41},"o2@0,o1@0":{"mag":0.7437,"phase":120.7}}},"dB":{"1.5":{"o1@0,o1@0":-29.52,"o2@0,o1@0":-2.576}},"total_power_T":{"1.5":{"2,1":0.8647}},"total_power_dB":{"1.5":{"2,1":-0.631}},"params":[[1.0,1.0,1.0,1.0,1.0,1.0,1.0,1.0,1.0,1.0,1.0,1.0,1.0,1.0,1.0,1.0,1.0,1.0,1.0,1.0,1.0,1.0,1.0,1.0,1.0,1.0,1.0,1.0,1.0,1.0,1.0,1.0,1.0,1.0,1.0,1.0,1.0,1.0,1.0,1.0,1.0,1.0,1.0,1.0,1.0,1.0,1.0,1.0,1.0]]}